{"cameraMode":{"drawMode":0,"name":"Shaded","section":"Shading Mode"},"sceneLighting":true,"audioPlay":false,"sceneViewState":{"m_AlwaysRefresh":false,"showFog":true,"showSkybox":true,"showFlares":true,"showImageEffects":true,"showParticleSystems":true,"showVisualEffectGraphs":true,"m_FxEnabled":true},"in2DMode":false,"pivot":{"x":45.647552490234378,"y":1.7573397159576417,"z":-29.81432342529297},"rotation":{"x":0.006595857907086611,"y":-0.9897742867469788,"z":0.04572238028049469,"w":0.13627570867538453},"size":1.4995537996292115,"orthographic":false}