{"cameraMode":{"drawMode":0,"name":"Shaded","section":"Shading Mode"},"sceneLighting":true,"audioPlay":false,"sceneViewState":{"m_AlwaysRefresh":false,"showFog":true,"showSkybox":true,"showFlares":true,"showImageEffects":true,"showParticleSystems":true,"showVisualEffectGraphs":true,"m_FxEnabled":true},"in2DMode":false,"pivot":{"x":59.76626205444336,"y":4.115315914154053,"z":-47.83539962768555},"rotation":{"x":-0.041146013885736468,"y":0.1772906482219696,"z":-0.0034858512226492168,"w":-0.9838129878044128},"size":0.4895969331264496,"orthographic":false}