{"cameraMode":{"drawMode":0,"name":"Shaded","section":"Shading Mode"},"sceneLighting":true,"audioPlay":false,"sceneViewState":{"m_AlwaysRefresh":false,"showFog":true,"showSkybox":true,"showFlares":true,"showImageEffects":true,"showParticleSystems":true,"showVisualEffectGraphs":true,"m_FxEnabled":true},"in2DMode":false,"pivot":{"x":47.54948806762695,"y":1.6632699966430665,"z":-50.279876708984378},"rotation":{"x":0.044381119310855868,"y":-0.8034613728523254,"z":0.060372475534677508,"w":0.5906261205673218},"size":0.8660253882408142,"orthographic":false}