{"cameraMode":{"drawMode":0,"name":"Shaded","section":"Shading Mode"},"sceneLighting":true,"audioPlay":false,"sceneViewState":{"m_AlwaysRefresh":false,"showFog":true,"showSkybox":true,"showFlares":true,"showImageEffects":true,"showParticleSystems":true,"showVisualEffectGraphs":true,"m_FxEnabled":true},"in2DMode":false,"pivot":{"x":0.06243075430393219,"y":0.6410728693008423,"z":-0.16455714404582978},"rotation":{"x":-0.03113548271358013,"y":0.8305696845054627,"z":-0.04629729688167572,"w":-0.5544417500495911},"size":1.2675374746322632,"orthographic":false}