{"cameraMode":{"drawMode":0,"name":"Shaded","section":"Shading Mode"},"sceneLighting":true,"audioPlay":false,"sceneViewState":{"m_AlwaysRefresh":false,"showFog":true,"showSkybox":true,"showFlares":true,"showImageEffects":true,"showParticleSystems":true,"showVisualEffectGraphs":true,"m_FxEnabled":true},"in2DMode":false,"pivot":{"x":-0.33668559789657595,"y":0.7403017282485962,"z":-0.0881233662366867},"rotation":{"x":-0.09096845984458924,"y":0.883097231388092,"z":-0.19119317829608918,"w":-0.4190860390663147},"size":1.2922797203063965,"orthographic":false}