{"cameraMode":{"drawMode":0,"name":"Shaded","section":"Shading Mode"},"sceneLighting":true,"audioPlay":false,"sceneViewState":{"m_AlwaysRefresh":false,"showFog":true,"showSkybox":true,"showFlares":true,"showImageEffects":true,"showParticleSystems":true,"showVisualEffectGraphs":true,"m_FxEnabled":true},"in2DMode":false,"pivot":{"x":42.245513916015628,"y":1.9048889875411988,"z":-34.544891357421878},"rotation":{"x":0.1619589626789093,"y":-0.1430760771036148,"z":0.021792076528072358,"w":0.9763855338096619},"size":0.8660253882408142,"orthographic":false}