{"cameraMode":{"drawMode":0,"name":"Shaded","section":"Shading Mode"},"sceneLighting":true,"audioPlay":false,"sceneViewState":{"m_AlwaysRefresh":false,"showFog":true,"showSkybox":true,"showFlares":true,"showImageEffects":true,"showParticleSystems":true,"showVisualEffectGraphs":true,"m_FxEnabled":true},"in2DMode":false,"pivot":{"x":49.463382720947269,"y":1.6564428806304932,"z":-34.010780334472659},"rotation":{"x":-0.03643835335969925,"y":0.6782928705215454,"z":-0.033951934427022937,"w":-0.7334259748458862},"size":1.9467389583587647,"orthographic":false}