{"cameraMode":{"drawMode":0,"name":"Shaded","section":"Shading Mode"},"sceneLighting":false,"audioPlay":false,"sceneViewState":{"m_AlwaysRefresh":false,"showFog":false,"showSkybox":false,"showFlares":false,"showImageEffects":false,"showParticleSystems":false,"showVisualEffectGraphs":true,"m_FxEnabled":true},"in2DMode":false,"pivot":{"x":-0.866071879863739,"y":1.4627270698547364,"z":-0.019293250516057016},"rotation":{"x":-0.03028779663145542,"y":0.9341086745262146,"z":-0.3488397002220154,"w":-0.07416205108165741},"size":0.1775035411119461,"orthographic":false}