{"cameraMode":{"drawMode":0,"name":"Shaded","section":"Shading Mode"},"sceneLighting":true,"audioPlay":false,"sceneViewState":{"m_AlwaysRefresh":false,"showFog":true,"showSkybox":true,"showFlares":true,"showImageEffects":true,"showParticleSystems":true,"showVisualEffectGraphs":true,"m_FxEnabled":true},"in2DMode":false,"pivot":{"x":-0.017189234495162965,"y":0.8768662214279175,"z":0.17900142073631288},"rotation":{"x":0.008741961792111397,"y":0.9699164628982544,"z":-0.24076004326343537,"w":0.03522486984729767},"size":1.3045440912246705,"orthographic":false}