{"cameraMode":{"drawMode":0,"name":"Shaded","section":"Shading Mode"},"sceneLighting":false,"audioPlay":false,"sceneViewState":{"m_AlwaysRefresh":false,"showFog":false,"showSkybox":false,"showFlares":false,"showImageEffects":false,"showParticleSystems":false,"showVisualEffectGraphs":true,"m_FxEnabled":true},"in2DMode":false,"pivot":{"x":-3.8743019104003908e-7,"y":0.8431543111801148,"z":0.01484304666519165},"rotation":{"x":-0.010332834906876088,"y":0.9922072887420654,"z":-0.09745753556489945,"w":-0.08095135539770127},"size":1.0428590774536133,"orthographic":false}